﻿Designator,Footprint,Quantity,Value,LCSC Part #
"C1, C4, C6, C9",0603,4,470pF 100V,C1591
"C10, C13, C15, C2, C21, C24, C26, C28, C29",0603,9,0.1uF 50V,C1591
"C17, C35",0402,2,0.1uF 16V,
"C19, C25, C33, C36, C37, C38, C39",0402,7,0.1uF 16V,C1525
C22,0603,1,4.7uF 50V,C1591
C23,0603,1,22nF X7R 10% 50V,
C27,1206,1,10uF 50V,C89632
"C3, C8",0603,2,1uF,
"C30, C31",0805,2,22uF,C466799
C34,CP_Elec_6.3x7.7,1,100uF 35V,C2983388 
C40,0402,1,4.7uF 10V,C368809
"C42, C43",0402,2,16pF,
D5,D_SOD-323,1,D_Schottky,C37049
D6,0402,1,LED_Small,C130724
HSE1,Crystal_SMD_3225-4Pin_3.2x2.5mm,1,8MHz,C5261255
IC1,tmc_2209_package,1,TMC2209-LA,C465949
J1,PinHeader_2x03_P1.27mm_Vertical,1,DEBUG,
J14,USB-C-SMD_TYPEC-303-ACP16,1,918-418K2023S40001,C720628
J15,Motor_Hand_Wire_pads,1,STEPPER,
J2,PinHeader_2x04_P1.27mm_Vertical,1,DEBUG,
J3,PinHeader_2x03_P2.54mm_Vertical,1,Conn_01x05,
JP1,PinHeader_2x01_P1.27mm_Vertical,1,Jumper,
L1,L_CommonModeChoke_Coilcraft_0805USB,1,Common Choke,C383338
L3,IND-SMD_L4.0-W4.0_FNR40XXS,1,4.7uH,C167874
"LED1, LED2",LED-SMD_4P-L4.0-W1.6-L,2,SK6812SIDE-A-RVS,C2890037
"R1, R13, R15",0402,3,1K,
R10,0402,1,120R,
"R11, R12, R14, R2, R32, R8, R9",0402,7,10K,
"R3, R4",0402,2,5.12K,
"R30, R34",1206,2,0.22R 1%,C346768
"R35, R36, R38",0402,3,22R,
"R5, R6",0603,2,330R,
R7,0402,1,100R,
SW1,KEY-SMD_B3U-1000PM,1,Boot,C231329
SW2,KEY-SMD_B3U-1000PM,1,Reset,C231329
U1,SOT-23-5,1,TLV73333PDBV,C408972
U2,LQFP-48_7x7mm_P0.5mm,1,STM32F103C8T6,C8734
U3,SENSOR_EE-SX4320_OMR,1,EE-SX4320,EE-SX4320
U5,TSSOP-14_4.4x5mm_P0.65mm,1,AS5047D,C2693743
U6,TSOT-23-6,1,AP63205WU,C2071056
U7,SENSOR_EE-SX3350_OMR,1,EE-SX3350,C7470740
U8,HVSON-8-1EP_3x3mm_P0.65mm_EP1.6x2.4mm,1,TJA1044GTK/3Z,C2157795
